{
  "id": "1539226",
  "name": "图标",
  "font_family": "iconfont",
  "css_prefix_text": "icon-",
  "description": "",
  "glyphs": [
    {
      "icon_id": "15483",
      "name": "礼物",
      "font_class": "liwu",
      "unicode": "e65a",
      "unicode_decimal": 58970
    },
    {
      "icon_id": "385719",
      "name": "iconfont-qun",
      "font_class": "iconfontqun",
      "unicode": "e621",
      "unicode_decimal": 58913
    },
    {
      "icon_id": "552225",
      "name": "15",
      "font_class": "15",
      "unicode": "e634",
      "unicode_decimal": 58932
    },
    {
      "icon_id": "584244",
      "name": "右箭头",
      "font_class": "iconfonticonfonti2copycopy",
      "unicode": "e62e",
      "unicode_decimal": 58926
    },
    {
      "icon_id": "592804",
      "name": "7",
      "font_class": "7",
      "unicode": "e638",
      "unicode_decimal": 58936
    },
    {
      "icon_id": "658335",
      "name": "iconfont-zan (1)",
      "font_class": "iconfontzan1",
      "unicode": "e6ee",
      "unicode_decimal": 59118
    },
    {
      "icon_id": "1150910",
      "name": "预约",
      "font_class": "yuyue",
      "unicode": "e62d",
      "unicode_decimal": 58925
    },
    {
      "icon_id": "1163061",
      "name": "iconfont-8",
      "font_class": "iconfont8",
      "unicode": "e608",
      "unicode_decimal": 58888
    },
    {
      "icon_id": "1163074",
      "name": "iconfont-21",
      "font_class": "iconfont21",
      "unicode": "e615",
      "unicode_decimal": 58901
    },
    {
      "icon_id": "1163178",
      "name": "iconfont-31",
      "font_class": "iconfont31",
      "unicode": "e62c",
      "unicode_decimal": 58924
    },
    {
      "icon_id": "1240744",
      "name": "地点1",
      "font_class": "didian1",
      "unicode": "e609",
      "unicode_decimal": 58889
    },
    {
      "icon_id": "2488134",
      "name": "搜索",
      "font_class": "sousuo",
      "unicode": "e618",
      "unicode_decimal": 58904
    },
    {
      "icon_id": "6253907",
      "name": "iconfont icon-yonghu",
      "font_class": "iconfonticon-yonghu",
      "unicode": "e643",
      "unicode_decimal": 58947
    },
    {
      "icon_id": "6261712",
      "name": "购物车",
      "font_class": "ziyuan",
      "unicode": "e617",
      "unicode_decimal": 58903
    }
  ]
}
